ID,ImageName,GalleryName,IsLock,Userdefault,Iap_ID,Iap_ID_A,IsNewImage,IsUsedNewImage
1,Flowers,Flowers,FALSE,,,,,
2,Flowers,Flowers,FALSE,,,,,
3,Flowers,Flowers,FALSE,,,,,
4,Flowers,Flowers,FALSE,,,,,
5,Flowers,Flowers,FALSE,,,,,
6,Flowers,Flowers,TRUE,purchase_flower,com.imagineappsltd.colorfree.unlockflowerspack,com.imagineappsltd.android_colorfree.unlockflowerspack,,
7,Flowers,Flowers,TRUE,purchase_flower,com.imagineappsltd.colorfree.unlockflowerspack,com.imagineappsltd.android_colorfree.unlockflowerspack,,
8,Flowers,Flowers,TRUE,purchase_flower,com.imagineappsltd.colorfree.unlockflowerspack,com.imagineappsltd.android_colorfree.unlockflowerspack,,
9,Flowers,Flowers,TRUE,purchase_flower,com.imagineappsltd.colorfree.unlockflowerspack,com.imagineappsltd.android_colorfree.unlockflowerspack,,
10,Flowers,Flowers,TRUE,purchase_flower,com.imagineappsltd.colorfree.unlockflowerspack,com.imagineappsltd.android_colorfree.unlockflowerspack,,